env.step/dt,env.step/fps,env.step/psps,env.step/total_steps,env.step/cpu_mem_use,env.step/gpu_mem_use,env.step+env.reset/dt,env.step+env.reset/fps,env.step+env.reset/psps,env.step+env.reset/total_steps,env.step+env.reset/cpu_mem_use,env.step+env.reset/gpu_mem_use,env_id,obs_mode,num_envs,control_mode,gpu_type,num_cameras,camera_width,camera_height,pick_and_lift_env.step/dt,pick_and_lift_env.step/fps,pick_and_lift_env.step/psps,pick_and_lift_env.step/total_steps,pick_and_lift_env.step/cpu_mem_use,pick_and_lift_env.step/gpu_mem_use
1.5613186359405518,2561.937011397014,640.4842528492535,1000,2163822592,1871609856,1.5536000728607178,2574.665172765221,643.6662931913053,1000,2165788672,1871609856,CartpoleBalanceBenchmark-v1,rgb,4,pd_joint_delta_pos,NVIDIA GeForce RTX 4090,3.0,320.0,180.0,,,,,,
3.0104639530181885,5314.795410175547,332.1747131359717,1000,2239205376,2089713664,3.0105433464050293,5314.655249560193,332.16595309751204,1000,2239401984,2089713664,CartpoleBalanceBenchmark-v1,rgb,16,pd_joint_delta_pos,NVIDIA GeForce RTX 4090,3.0,320.0,180.0,,,,,,
4.89644193649292,6535.357799610715,204.22993123783485,1000,2346135552,2108588032,4.90765643119812,6520.423841525465,203.7632450476708,1000,2346135552,2108588032,CartpoleBalanceBenchmark-v1,rgb,32,pd_joint_delta_pos,NVIDIA GeForce RTX 4090,3.0,320.0,180.0,,,,,,
8.547006845474243,7488.001490707694,117.00002329230772,1000,2592260096,2551087104,8.57722544670105,7461.620357036962,116.58781807870253,1000,2592260096,2551087104,CartpoleBalanceBenchmark-v1,rgb,64,pd_joint_delta_pos,NVIDIA GeForce RTX 4090,3.0,320.0,180.0,,,,,,
15.99998903274536,8000.005483631078,62.5000428408678,1000,3060924416,3100540928,16.044636249542236,7977.743964351446,62.32612472149568,1000,3060924416,3100540928,CartpoleBalanceBenchmark-v1,rgb,128,pd_joint_delta_pos,NVIDIA GeForce RTX 4090,3.0,320.0,180.0,,,,,,
30.90050792694092,8284.653462825569,32.36192758916238,1000,3820306432,3975118848,31.03635549545288,8248.391150098356,32.2202779300717,1000,3822469120,3975118848,CartpoleBalanceBenchmark-v1,rgb,256,pd_joint_delta_pos,NVIDIA GeForce RTX 4090,3.0,320.0,180.0,,,,,,
60.63390374183655,8444.120671826828,16.492423187161773,1000,5532880896,6200328192,60.944199562072754,8401.127649211618,16.40845243986644,1000,5532880896,6200328192,CartpoleBalanceBenchmark-v1,rgb,512,pd_joint_delta_pos,NVIDIA GeForce RTX 4090,3.0,320.0,180.0,,,,,,
119.11936259269714,8596.419404134542,8.394940824350138,1000,8955207680,10852073472,119.62189269065856,8560.305952089031,8.359673781336944,1000,8955207680,10852073472,CartpoleBalanceBenchmark-v1,rgb,1024,pd_joint_delta_pos,NVIDIA GeForce RTX 4090,3.0,320.0,180.0,,,,,,
1.658822536468506,2411.348961122547,602.8372402806367,1000,2131558400,1873707008,1.64618182182312,2429.8652475520985,607.4663118880246,1000,2133524480,1875804160,CartpoleBalanceBenchmark-v1,depth,4,pd_joint_delta_pos,NVIDIA GeForce RTX 4090,3.0,320.0,180.0,,,,,,
3.099395990371704,5162.296153735797,322.6435096084873,1000,2236936192,2110685184,3.106532573699951,5150.436900439011,321.9023062774382,1000,2237132800,2110685184,CartpoleBalanceBenchmark-v1,depth,16,pd_joint_delta_pos,NVIDIA GeForce RTX 4090,3.0,320.0,180.0,,,,,,
5.163864135742188,6196.909747975144,193.65342962422324,1000,2301046784,2129559552,5.145497798919678,6219.028993991321,194.3446560622288,1000,2301046784,2150531072,CartpoleBalanceBenchmark-v1,depth,32,pd_joint_delta_pos,NVIDIA GeForce RTX 4090,3.0,320.0,180.0,,,,,,
8.828264474868774,7249.442988730954,113.27254669892116,1000,2496978944,2614001664,8.856873035430908,7226.026583420053,112.90666536593832,1000,2496978944,2655944704,CartpoleBalanceBenchmark-v1,depth,64,pd_joint_delta_pos,NVIDIA GeForce RTX 4090,3.0,320.0,180.0,,,,,,
16.57911992073059,7720.554565743164,60.31683254486847,1000,2896568320,3194912768,16.655106782913208,7685.3304916254065,60.04164446582349,1000,2896568320,3245244416,CartpoleBalanceBenchmark-v1,depth,128,pd_joint_delta_pos,NVIDIA GeForce RTX 4090,3.0,320.0,180.0,,,,,,
32.106640577316284,7973.428405987358,31.14620471088812,1000,3688968192,4149182464,32.2154266834259,7946.50347225437,31.04102918849363,1000,3691130880,4243554304,CartpoleBalanceBenchmark-v1,depth,256,pd_joint_delta_pos,NVIDIA GeForce RTX 4090,3.0,320.0,180.0,,,,,,
63.006381034851074,8126.1610584615955,15.871408317307804,1000,5009846272,6535872512,63.268988847732544,8092.432158702805,15.805531559966417,1000,5010042880,6718324736,CartpoleBalanceBenchmark-v1,depth,512,pd_joint_delta_pos,NVIDIA GeForce RTX 4090,3.0,320.0,180.0,,,,,,
123.67037010192873,8280.075487410788,8.086011218174598,1000,7882821632,11510579200,124.18998765945436,8245.431208254451,8.052178914310987,1000,7882821632,11869192192,CartpoleBalanceBenchmark-v1,depth,1024,pd_joint_delta_pos,NVIDIA GeForce RTX 4090,3.0,320.0,180.0,,,,,,
1.4178495407104492,2821.17381650785,705.2934541269625,1000,2147831808,1888387072,1.403672695159912,2849.6671722636192,712.4167930659048,1000,2149994496,1888387072,CartpoleBalanceBenchmark-v1,rgb,4,pd_joint_delta_pos,NVIDIA GeForce RTX 4090,1.0,640.0,480.0,,,,,,
2.529204845428467,6326.098903740427,395.3811814837767,1000,2265186304,2001633280,2.5055532455444336,6385.815200077039,399.1134500048149,1000,2265186304,2001633280,CartpoleBalanceBenchmark-v1,rgb,16,pd_joint_delta_pos,NVIDIA GeForce RTX 4090,1.0,640.0,480.0,,,,,,
3.974091529846192,8052.154752771507,251.6298360241096,1000,2413068288,2303623168,3.977041721343994,8046.181619936836,251.4431756230261,1000,2413068288,2303623168,CartpoleBalanceBenchmark-v1,rgb,32,pd_joint_delta_pos,NVIDIA GeForce RTX 4090,1.0,640.0,480.0,,,,,,
6.854079484939575,9337.504786839252,145.89851229436331,1000,2466729984,2869854208,6.861804962158203,9326.992001805667,145.73425002821355,1000,2466729984,2869854208,CartpoleBalanceBenchmark-v1,rgb,64,pd_joint_delta_pos,NVIDIA GeForce RTX 4090,1.0,640.0,480.0,,,,,,
12.618882656097412,10143.528828057588,79.2463189691999,1000,2811174912,3731783680,12.619099378585815,10143.354621425018,79.24495797988295,1000,2811174912,3731783680,CartpoleBalanceBenchmark-v1,rgb,128,pd_joint_delta_pos,NVIDIA GeForce RTX 4090,1.0,640.0,480.0,,,,,,
24.101482152938843,10621.753399874802,41.49122421826095,1000,3502276608,5457739776,24.20376873016357,10576.865233428049,41.31587981807831,1000,3502276608,5457739776,CartpoleBalanceBenchmark-v1,rgb,256,pd_joint_delta_pos,NVIDIA GeForce RTX 4090,1.0,640.0,480.0,,,,,,
47.02737474441528,10887.27582142574,21.264210588722147,1000,4896358400,8643379200,47.20005345344544,10847.445342514244,21.18641668459813,1000,4896358400,8643379200,CartpoleBalanceBenchmark-v1,rgb,512,pd_joint_delta_pos,NVIDIA GeForce RTX 4090,1.0,640.0,480.0,,,,,,
1.4912397861480713,2682.3318671855927,670.5829667963982,1000,2128576512,1888387072,1.4734394550323486,2714.736588828607,678.6841472071518,1000,2130739200,1888387072,CartpoleBalanceBenchmark-v1,depth,4,pd_joint_delta_pos,NVIDIA GeForce RTX 4090,1.0,640.0,480.0,,,,,,
2.6315059661865234,6080.16862039898,380.01053877493626,1000,2216878080,2005827584,2.6351218223571777,6071.825546830934,379.4890966769334,1000,2216878080,2026799104,CartpoleBalanceBenchmark-v1,depth,16,pd_joint_delta_pos,NVIDIA GeForce RTX 4090,1.0,640.0,480.0,,,,,,
4.255917310714722,7518.943077074505,234.96697115857827,1000,2301337600,2335080448,4.23279595375061,7560.014786832644,236.25046208852007,1000,2301337600,2356051968,CartpoleBalanceBenchmark-v1,depth,32,pd_joint_delta_pos,NVIDIA GeForce RTX 4090,1.0,640.0,480.0,,,,,,
7.381433725357056,8670.402306823418,135.4750360441159,1000,2338828288,2928574464,7.397098302841186,8652.041297790774,135.18814527798085,1000,2338828288,2968420352,CartpoleBalanceBenchmark-v1,depth,64,pd_joint_delta_pos,NVIDIA GeForce RTX 4090,1.0,640.0,480.0,,,,,,
13.6035418510437,9409.314236070037,73.51026746929715,1000,2567303168,3851321344,13.653993606567385,9374.546648273936,73.23864568964012,1000,2567303168,3931013120,CartpoleBalanceBenchmark-v1,depth,128,pd_joint_delta_pos,NVIDIA GeForce RTX 4090,1.0,640.0,480.0,,,,,,
26.17319965362549,9780.997485515269,38.20702142779402,1000,3036323840,5692620800,26.31057548522949,9729.927805787296,38.00753049135663,1000,3036323840,5849907200,CartpoleBalanceBenchmark-v1,depth,256,pd_joint_delta_pos,NVIDIA GeForce RTX 4090,1.0,640.0,480.0,,,,,,
51.5357608795166,9934.848952691013,19.40400186072464,1000,4648378368,13632634880,51.70562624931336,9902.210593703026,19.340255065826224,1000,4648378368,13947207680,CartpoleBalanceBenchmark-v1,depth,512,pd_joint_delta_pos,NVIDIA GeForce RTX 4090,1.0,640.0,480.0,,,,,,
3.0350940227508545,1317.9163380166403,329.4790845041601,1000,2183528448,2024701952,2.9618136882781982,1350.5238414659818,337.63096036649546,1000,2186477568,2024701952,FrankaBenchmark-v1,depth,4,pd_joint_delta_pos,NVIDIA GeForce RTX 4090,1.0,640.0,480.0,,,,,,
5.097249746322632,3138.9476278934667,196.18422674334167,1000,2258104320,2351857664,4.935598611831665,3241.754700563503,202.60966878521893,1000,2258890752,2372829184,FrankaBenchmark-v1,depth,16,pd_joint_delta_pos,NVIDIA GeForce RTX 4090,1.0,640.0,480.0,,,,,,
7.648306846618652,4183.932554189733,130.74789231842917,1000,2361729024,2895020032,7.497136116027832,4268.29652079925,133.38426627497657,1000,2362515456,2915991552,FrankaBenchmark-v1,depth,32,pd_joint_delta_pos,NVIDIA GeForce RTX 4090,1.0,640.0,480.0,,,,,,
12.593056201934814,5082.165835976096,79.4088411871265,1000,2402197504,4046356480,12.417379140853882,5154.066673331764,80.53229177080881,1000,2402983936,4086202368,FrankaBenchmark-v1,depth,64,pd_joint_delta_pos,NVIDIA GeForce RTX 4090,1.0,640.0,480.0,,,,,,
22.203340530395508,5764.8982964870975,45.03826794130545,1000,2640900096,6086885376,22.1997344493866,5765.83473517796,45.045583868577815,1000,2641686528,6166577152,FrankaBenchmark-v1,depth,128,pd_joint_delta_pos,NVIDIA GeForce RTX 4090,1.0,640.0,480.0,,,,,,
41.64935779571533,6146.553357572681,24.009974053018286,1000,3159654400,10232954880,41.754494190216064,6131.076545527549,23.949517755966987,1000,3160440832,10390241280,FrankaBenchmark-v1,depth,256,pd_joint_delta_pos,NVIDIA GeForce RTX 4090,1.0,640.0,480.0,,,,,,
80.04848885536194,6396.123241315934,12.492428205695184,1000,4081758208,18193809408,80.5441164970398,6356.764742944537,12.415556138563549,1000,4082741248,18508382208,FrankaBenchmark-v1,depth,512,pd_joint_delta_pos,NVIDIA GeForce RTX 4090,1.0,640.0,480.0,,,,,,
3.005486488342285,1330.899345418868,332.724836354717,1000,2203787264,2024701952,2.918424367904663,1370.6025909014302,342.65064772535754,1000,2206736384,2024701952,FrankaBenchmark-v1,rgb,4,pd_joint_delta_pos,NVIDIA GeForce RTX 4090,1.0,640.0,480.0,,,,,,
4.999916076660156,3200.053711839036,200.0033569899397,1000,2332254208,2347663360,4.809382915496826,3326.8301320829937,207.9268832551871,1000,2333040640,2347663360,FrankaBenchmark-v1,rgb,16,pd_joint_delta_pos,NVIDIA GeForce RTX 4090,1.0,640.0,480.0,,,,,,
7.4204795360565186,4312.389764638558,134.76218014495493,1000,2482876416,2863562752,7.233347177505493,4423.954666452992,138.248583326656,1000,2483662848,2863562752,FrankaBenchmark-v1,rgb,32,pd_joint_delta_pos,NVIDIA GeForce RTX 4090,1.0,640.0,480.0,,,,,,
12.016175985336304,5326.153684674817,83.22115132304401,1000,2531319808,3987636224,11.904521465301514,5376.108580806279,84.00169657509811,1000,2532106240,3987636224,FrankaBenchmark-v1,rgb,64,pd_joint_delta_pos,NVIDIA GeForce RTX 4090,1.0,640.0,480.0,,,,,,
21.22905898094177,6029.471212780135,47.1052438498448,1000,2890366976,5967347712,21.15138959884644,6051.611852820342,47.278217600158925,1000,2891153408,5967347712,FrankaBenchmark-v1,rgb,128,pd_joint_delta_pos,NVIDIA GeForce RTX 4090,1.0,640.0,480.0,,,,,,
39.48419880867005,6483.606296293566,25.32658709489674,1000,3614302208,9998073856,39.633028984069824,6459.259021128491,25.23148055128317,1000,3615088640,9998073856,FrankaBenchmark-v1,rgb,256,pd_joint_delta_pos,NVIDIA GeForce RTX 4090,1.0,640.0,480.0,,,,,,
75.95719027519226,6740.63901185692,13.165310570033046,1000,5035560960,17721950208,76.43111038208008,6698.84288531863,13.083677510387949,1000,5036544000,17721950208,FrankaBenchmark-v1,rgb,512,pd_joint_delta_pos,NVIDIA GeForce RTX 4090,1.0,640.0,480.0,,,,,,
3.4348597526550293,1164.530807089907,291.1327017724768,1000,2179166208,2085519360,3.406797170639038,1174.1233186622878,293.530829665572,1000,2182115328,2087616512,FrankaBenchmark-v1,depth,4,pd_joint_delta_pos,NVIDIA GeForce RTX 4090,3.0,320.0,180.0,,,,,,
6.543405532836914,2445.209901741051,152.8256188588157,1000,2273898496,2953740288,6.445894002914429,2482.200295686805,155.13751848042534,1000,2274684928,2953740288,FrankaBenchmark-v1,depth,16,pd_joint_delta_pos,NVIDIA GeForce RTX 4090,3.0,320.0,180.0,,,,,,
10.314268112182615,3102.4983694386856,96.95307404495892,1000,2369290240,3815669760,10.115826845169067,3163.35980140684,98.85499379396374,1000,2370076672,3836641280,FrankaBenchmark-v1,depth,32,pd_joint_delta_pos,NVIDIA GeForce RTX 4090,3.0,320.0,180.0,,,,,,
17.558011293411255,3645.0597354391934,56.9540583662374,1000,2581299200,5984124928,17.432498693466187,3671.303874755925,57.36412304306132,1000,2582085632,6026067968,FrankaBenchmark-v1,depth,64,pd_joint_delta_pos,NVIDIA GeForce RTX 4090,3.0,320.0,180.0,,,,,,
32.23971462249756,3970.258468438144,31.017644284673,1000,2999975936,9939419136,32.147966384887695,3981.5893318891535,31.10616665538402,1000,3002925056,9989750784,FrankaBenchmark-v1,depth,128,pd_joint_delta_pos,NVIDIA GeForce RTX 4090,3.0,320.0,180.0,,,,,,
61.3323450088501,4173.98030293901,16.304610558355506,1000,3848396800,17701109760,61.2744300365448,4177.925438838331,16.32002124546223,1000,3849183232,17795481600,FrankaBenchmark-v1,depth,256,pd_joint_delta_pos,NVIDIA GeForce RTX 4090,3.0,320.0,180.0,,,,,,
3.3812038898468018,1183.0105874453004,295.7526468613251,1000,2217250816,2083422208,3.21174955368042,1245.4271209958774,311.35678024896936,1000,2220199936,2083422208,FrankaBenchmark-v1,rgb,4,pd_joint_delta_pos,NVIDIA GeForce RTX 4090,3.0,320.0,180.0,,,,,,
6.365384578704834,2513.595180647439,157.09969879046494,1000,2283692032,2932768768,6.247594594955444,2560.9856332417976,160.06160207761235,1000,2284478464,2932768768,FrankaBenchmark-v1,rgb,16,pd_joint_delta_pos,NVIDIA GeForce RTX 4090,3.0,320.0,180.0,,,,,,
10.137609720230104,3156.5626299602377,98.64258218625744,1000,2424852480,3794698240,9.884570598602297,3237.368753734723,101.1677735542101,1000,2425638912,3794698240,FrankaBenchmark-v1,rgb,32,pd_joint_delta_pos,NVIDIA GeForce RTX 4090,3.0,320.0,180.0,,,,,,
17.248419523239136,3710.4848889935415,57.976326390524086,1000,2664222720,5921210368,17.107236862182617,3741.106790979136,58.454793609049005,1000,2665009152,5921210368,FrankaBenchmark-v1,rgb,64,pd_joint_delta_pos,NVIDIA GeForce RTX 4090,3.0,320.0,180.0,,,,,,
31.6165623664856,4048.510983461106,31.62899205828989,1000,3147075584,9845047296,31.567238330841064,4054.836810825625,31.678412584575195,1000,3149828096,9845047296,FrankaBenchmark-v1,rgb,128,pd_joint_delta_pos,NVIDIA GeForce RTX 4090,3.0,320.0,180.0,,,,,,
60.08347702026367,4260.738770388767,16.64351082183112,1000,3979681792,17527046144,60.12195038795471,4258.0122292787255,16.63286027062002,1000,3980468224,17527046144,FrankaBenchmark-v1,rgb,256,pd_joint_delta_pos,NVIDIA GeForce RTX 4090,3.0,320.0,180.0,,,,,,
5.044536828994751,202991.87709648605,198.23425497703715,1000,3142004736,1932738560,4.61591386795044,221841.22782487643,216.6418240477309,1000,3143380992,1932738560,FrankaMoveBenchmark-v1,state,1024,pd_joint_delta_pos,NVIDIA GeForce RTX 4090,,,,,,,,,
7.399247646331787,276784.8973152434,135.14887564220868,1000,4298297344,2136162304,6.879436016082764,297698.8222889464,145.3607530707746,1000,4300853248,2205368320,FrankaMoveBenchmark-v1,state,2048,pd_joint_delta_pos,NVIDIA GeForce RTX 4090,,,,,,,,,
12.408525228500366,330095.63381409366,80.58975434914396,1000,6709186560,2480095232,12.160467147827148,336829.1653772429,82.23368295342844,1000,6712332288,2591244288,FrankaMoveBenchmark-v1,state,4096,pd_joint_delta_pos,NVIDIA GeForce RTX 4090,,,,,,,,,
8.040921688079834,127348.58511531288,124.36385265167272,1000,3156758528,1932738560,10.473015546798706,97775.08640412617,95.48348281652945,1000,3162263552,1932738560,FrankaPickCubeBenchmark-v1,state,1024,pd_joint_delta_pos,NVIDIA GeForce RTX 4090,,,,1.5809972286224363,129538.49399119282,126.50243553827424,200.0,3159117824.0,1932738560.0
11.10263991355896,184460.6342225785,90.06866905399342,1000,4295454720,2138259456,14.563755989074709,140623.06465010456,68.66360578618387,1000,4301549568,2205368320,FrankaPickCubeBenchmark-v1,state,2048,pd_joint_delta_pos,NVIDIA GeForce RTX 4090,,,,2.139564514160156,191440.82699501136,93.47696630615788,200.0,4296437760.0,2205368320.0
16.966724157333374,241413.72029258948,58.93889655580798,1000,6741610496,2492678144,25.03356170654297,163620.34488002709,39.94637326172536,1000,6755962880,2601730048,FrankaPickCubeBenchmark-v1,state,4096,pd_joint_delta_pos,NVIDIA GeForce RTX 4090,,,,3.491149425506592,234650.5119531308,57.28772264480731,200.0,6743773184.0,2601730048.0
31.32149052619934,261545.6628140885,31.92696079273541,1000,11530289152,3212001280,47.45996308326721,172608.64669505451,21.0703914422674,1000,11602444288,3572711424,FrankaPickCubeBenchmark-v1,state,8192,pd_joint_delta_pos,NVIDIA GeForce RTX 4090,,,,6.178678750991821,265169.9604445366,32.36937993707722,200.0,11545624576.0,3436396544.0
93.06772375106812,11002.740356462707,10.744863629358113,1000,7667068928,15685746688,93.4686954021454,10955.53966592002,10.69876920500002,1000,7669035008,15685746688,CartpoleBalanceBenchmark-v1,rgb,1024,pd_joint_delta_pos,NVIDIA GeForce RTX 4090,1.0,640.0,480.0,,,,,,
5.09538459777832,785.0241573018988,196.2560393254747,1000,2513256448,1942913024,5.153356313705444,776.1931751860293,194.04829379650727,1000,2515419136,1942913024,PickCube-v1,rgb,4,pd_joint_delta_pos,NVIDIA GeForce RTX 4090,1.0,128.0,128.0,,,,,,
6.271254301071167,2551.32374352402,159.45773397025124,1000,2571821056,1949204480,6.144258260726929,2604.0572061023745,162.7535753813984,1000,2571821056,1949204480,PickCube-v1,rgb,16,pd_joint_delta_pos,NVIDIA GeForce RTX 4090,1.0,128.0,128.0,,,,,,
7.649501085281372,4183.27935943066,130.72747998220814,1000,2608443392,1955495936,7.251641035079956,4412.794268938489,137.89982090432778,1000,2608443392,1955495936,PickCube-v1,rgb,32,pd_joint_delta_pos,NVIDIA GeForce RTX 4090,1.0,128.0,128.0,,,,,,
9.591368198394775,6672.66636794437,104.26041199913078,1000,2725355520,2037284864,9.018531084060667,7096.499352662148,110.88280238534608,1000,2725355520,2037284864,PickCube-v1,rgb,64,pd_joint_delta_pos,NVIDIA GeForce RTX 4090,1.0,128.0,128.0,,,,,,
12.989935874938965,9853.782284402649,76.98267409689569,1000,2948468736,2064547840,12.695167779922484,10082.576474682995,78.7701287084609,1000,2948468736,2064547840,PickCube-v1,rgb,128,pd_joint_delta_pos,NVIDIA GeForce RTX 4090,1.0,128.0,128.0,,,,,,
19.839311361312863,12903.673687948976,50.40497534355069,1000,3348922368,2366537728,19.41293668746948,13187.082620283873,51.51204148548388,1000,3348922368,2366537728,PickCube-v1,rgb,256,pd_joint_delta_pos,NVIDIA GeForce RTX 4090,1.0,128.0,128.0,,,,,,
32.84116458892822,15590.19012902518,30.449590095752303,1000,4151443456,2559541248,32.32595348358154,15838.6666076237,30.93489571801504,1000,4151443456,2559541248,PickCube-v1,rgb,512,pd_joint_delta_pos,NVIDIA GeForce RTX 4090,1.0,128.0,128.0,,,,,,
58.60787010192871,17472.05619687417,17.062554879759933,1000,5654851584,3310452736,58.25840401649475,17576.863240367416,17.164905508171305,1000,5657604096,3310452736,PickCube-v1,rgb,1024,pd_joint_delta_pos,NVIDIA GeForce RTX 4090,1.0,128.0,128.0,,,,,,
110.10174655914308,18600.97649677048,9.08250805506371,1000,8715927552,4550131712,110.00428462028503,18617.45664788719,9.090555003851168,1000,8716713984,4617240576,PickCube-v1,rgb,2048,pd_joint_delta_pos,NVIDIA GeForce RTX 4090,1.0,128.0,128.0,,,,,,
10.523033380508425,380.1185319253201,95.02963298133002,1000,5176848384,2140045312,10.489529371261597,381.33264691158513,95.33316172789628,1000,5177241600,2140045312,OpenCabinetDrawer-v1,rgb,4,pd_joint_delta_pos,NVIDIA GeForce RTX 4090,1.0,128.0,128.0,,,,,,
12.443203687667848,1285.8424889288926,80.36515555805579,1000,6389043200,2486075392,12.497510194778442,1280.255006848078,80.01593792800487,1000,6389436416,2486075392,OpenCabinetDrawer-v1,rgb,16,pd_joint_delta_pos,NVIDIA GeForce RTX 4090,1.0,128.0,128.0,,,,,,
14.593602895736694,2192.741588805896,68.52317465018425,1000,6725480448,2498658304,14.512038230895996,2205.065855730196,68.90830799156862,1000,6726266880,2498658304,OpenCabinetDrawer-v1,rgb,32,pd_joint_delta_pos,NVIDIA GeForce RTX 4090,1.0,128.0,128.0,,,,,,
18.28551435470581,3500.038268463008,54.6880979447345,1000,6891737088,2593030144,18.039210557937626,3547.827095562044,55.43479836815694,1000,6893309952,2593030144,OpenCabinetDrawer-v1,rgb,64,pd_joint_delta_pos,NVIDIA GeForce RTX 4090,1.0,128.0,128.0,,,,,,
25.262500762939453,5066.798461527543,39.58436298068393,1000,7865069568,2714664960,25.09566116333008,5100.483273460606,39.847525573910985,1000,7868018688,2714664960,OpenCabinetDrawer-v1,rgb,128,pd_joint_delta_pos,NVIDIA GeForce RTX 4090,1.0,128.0,128.0,,,,,,
39.715325117111206,6445.874463953546,25.17919712481854,1000,8284303360,3039789056,39.48712468147278,6483.1258812854085,25.324710473771127,1000,8289415168,3106897920,OpenCabinetDrawer-v1,rgb,256,pd_joint_delta_pos,NVIDIA GeForce RTX 4090,1.0,128.0,128.0,,,,,,
68.08520579338074,7519.989020137129,14.68747855495533,1000,9819332608,3994124288,68.04077005386353,7524.900138471131,14.697070582951428,1000,9830735872,4061233152,OpenCabinetDrawer-v1,rgb,512,pd_joint_delta_pos,NVIDIA GeForce RTX 4090,1.0,128.0,128.0,,,,,,
124.54079008102416,8222.205747480826,8.029497800274244,1000,12875735040,5412061184,125.36248445510864,8168.31290837002,7.976868074580098,1000,12898344960,5479170048,OpenCabinetDrawer-v1,rgb,1024,pd_joint_delta_pos,NVIDIA GeForce RTX 4090,1.0,128.0,128.0,,,,,,
229.2976875305176,8931.620820325232,4.36114297867443,1000,18572435456,8658976768,231.87217712402344,8832.452540886648,4.312720967229809,1000,18606841856,8795291648,OpenCabinetDrawer-v1,rgb,2048,pd_joint_delta_pos,NVIDIA GeForce RTX 4090,1.0,128.0,128.0,,,,,,
1.173489332199097,3408.637718507484,852.159429626871,1000,2109673472,1869512704,1.173799753189087,3407.7362762536222,851.9340690634056,1000,2111836160,1869512704,CartpoleBalanceBenchmark-v1,rgb,4,pd_joint_delta_pos,NVIDIA GeForce RTX 4090,1.0,80.0,80.0,,,,,,
1.1784260272979736,3394.3581585444485,848.5895396361121,1000,2127368192,1869512704,1.169266700744629,3420.9475027832946,855.2368756958236,1000,2129530880,1869512704,CartpoleBalanceBenchmark-v1,rgb,4,pd_joint_delta_pos,NVIDIA GeForce RTX 4090,1.0,128.0,128.0,,,,,,
1.2198691368103027,3279.040250546174,819.7600626365435,1000,2126540800,1869512704,1.1897685527801514,3361.998424528145,840.4996061320362,1000,2128703488,1869512704,CartpoleBalanceBenchmark-v1,rgb,4,pd_joint_delta_pos,NVIDIA GeForce RTX 4090,1.0,160.0,160.0,,,,,,
1.2144181728363037,3293.7583523292483,823.4395880823121,1000,2119020544,1869512704,1.20798659324646,3311.2950279108754,827.8237569777189,1000,2120986624,1869512704,CartpoleBalanceBenchmark-v1,rgb,4,pd_joint_delta_pos,NVIDIA GeForce RTX 4090,1.0,224.0,224.0,,,,,,
1.2437114715576172,3216.180031684055,804.0450079210137,1000,2118955008,1869512704,1.2341313362121582,3241.146126535405,810.2865316338513,1000,2121314304,1869512704,CartpoleBalanceBenchmark-v1,rgb,4,pd_joint_delta_pos,NVIDIA GeForce RTX 4090,1.0,256.0,256.0,,,,,,
1.3982429504394531,2860.733178553013,715.1832946382533,1000,2144190464,1879998464,1.382086992263794,2894.173827255393,723.5434568138484,1000,2146353152,1879998464,CartpoleBalanceBenchmark-v1,rgb,4,pd_joint_delta_pos,NVIDIA GeForce RTX 4090,1.0,512.0,512.0,,,,,,
1.519566297531128,10529.320126404187,658.0825079002617,1000,2156711936,1875804160,1.5120861530303955,10581.40765850818,661.3379786567613,1000,2156908544,1875804160,CartpoleBalanceBenchmark-v1,rgb,16,pd_joint_delta_pos,NVIDIA GeForce RTX 4090,1.0,80.0,80.0,,,,,,
1.5568370819091797,10277.24749488809,642.3279684305056,1000,2168414208,1875804160,1.5418119430541992,10377.400481348815,648.587530084301,1000,2168414208,1875804160,CartpoleBalanceBenchmark-v1,rgb,16,pd_joint_delta_pos,NVIDIA GeForce RTX 4090,1.0,128.0,128.0,,,,,,
1.5854923725128174,10091.502348032049,630.718896752003,1000,2143399936,1875804160,1.5866024494171145,10084.441761625969,630.277610101623,1000,2143399936,1875804160,CartpoleBalanceBenchmark-v1,rgb,16,pd_joint_delta_pos,NVIDIA GeForce RTX 4090,1.0,160.0,160.0,,,,,,
1.657481670379639,9653.198756843733,603.3249223027333,1000,2177835008,1875804160,1.6510565280914309,9690.764506104158,605.6727816315099,1000,2177835008,1875804160,CartpoleBalanceBenchmark-v1,rgb,16,pd_joint_delta_pos,NVIDIA GeForce RTX 4090,1.0,224.0,224.0,,,,,,
1.7294011116027832,9251.75767070685,578.2348544191781,1000,2173145088,1875804160,1.7116460800170898,9347.72683838954,584.2329273993462,1000,2173145088,1875804160,CartpoleBalanceBenchmark-v1,rgb,16,pd_joint_delta_pos,NVIDIA GeForce RTX 4090,1.0,256.0,256.0,,,,,,
2.3650405406951904,6765.211726686465,422.8257329179041,1000,2249916416,1957593088,2.357395648956299,6787.1508998007,424.19693123754377,1000,2249916416,1957593088,CartpoleBalanceBenchmark-v1,rgb,16,pd_joint_delta_pos,NVIDIA GeForce RTX 4090,1.0,512.0,512.0,,,,,,
1.9396672248840328,16497.675265876176,515.5523520586305,1000,2164768768,1882095616,1.9401500225067136,16493.56989345357,515.424059170424,1000,2164768768,1882095616,CartpoleBalanceBenchmark-v1,rgb,32,pd_joint_delta_pos,NVIDIA GeForce RTX 4090,1.0,80.0,80.0,,,,,,
2.042078971862793,15670.304841741488,489.6970263044215,1000,2169024512,1882095616,2.032845020294189,15741.485297963847,491.9214155613702,1000,2169024512,1882095616,CartpoleBalanceBenchmark-v1,rgb,32,pd_joint_delta_pos,NVIDIA GeForce RTX 4090,1.0,128.0,128.0,,,,,,
2.0892229080200195,15316.699753367517,478.6468672927349,1000,2178322432,1884192768,2.0837769508361816,15356.729993178486,479.8978122868277,1000,2178322432,1884192768,CartpoleBalanceBenchmark-v1,rgb,32,pd_joint_delta_pos,NVIDIA GeForce RTX 4090,1.0,160.0,160.0,,,,,,
2.25689435005188,14178.776245890467,443.0867576840771,1000,2213179392,1884192768,2.243072271347046,14266.147555193504,445.817111099797,1000,2213179392,1884192768,CartpoleBalanceBenchmark-v1,rgb,32,pd_joint_delta_pos,NVIDIA GeForce RTX 4090,1.0,224.0,224.0,,,,,,
2.352300882339477,13603.701907459408,425.1156846081065,1000,2226950144,1884192768,2.352859735488892,13600.470745167837,425.0147107864949,1000,2226950144,1884192768,CartpoleBalanceBenchmark-v1,rgb,32,pd_joint_delta_pos,NVIDIA GeForce RTX 4090,1.0,256.0,256.0,,,,,,
3.657848358154297,8748.312359276366,273.38476122738643,1000,2380148736,2211348480,3.65482234954834,8755.555520764105,273.61111002387827,1000,2380148736,2211348480,CartpoleBalanceBenchmark-v1,rgb,32,pd_joint_delta_pos,NVIDIA GeForce RTX 4090,1.0,512.0,512.0,,,,,,
2.8034873008728027,22828.710506402167,356.69860166253386,1000,2237394944,1896775680,2.7851879596710205,22978.700513827986,359.0421955285623,1000,2237394944,1896775680,CartpoleBalanceBenchmark-v1,rgb,64,pd_joint_delta_pos,NVIDIA GeForce RTX 4090,1.0,80.0,80.0,,,,,,
2.9238736629486084,21888.770643892523,342.0120413108207,1000,2237456384,1896775680,2.942150115966797,21752.79896585748,339.8874838415231,1000,2237456384,1896775680,CartpoleBalanceBenchmark-v1,rgb,64,pd_joint_delta_pos,NVIDIA GeForce RTX 4090,1.0,128.0,128.0,,,,,,
3.085599184036255,20741.51442971344,324.0861629642725,1000,2250379264,1896775680,3.084082841873169,20751.71235060876,324.24550547826186,1000,2250379264,1896775680,CartpoleBalanceBenchmark-v1,rgb,64,pd_joint_delta_pos,NVIDIA GeForce RTX 4090,1.0,160.0,160.0,,,,,,
3.385632038116455,18903.41279839892,295.36582497498307,1000,2297618432,2098102272,3.3890717029571533,18884.22718945617,295.06604983525267,1000,2297618432,2098102272,CartpoleBalanceBenchmark-v1,rgb,64,pd_joint_delta_pos,NVIDIA GeForce RTX 4090,1.0,224.0,224.0,,,,,,
3.598834276199341,17783.53630320237,277.86775473753704,1000,2310713344,2077130752,3.59075927734375,17823.52841189169,278.49263143580765,1000,2310713344,2077130752,CartpoleBalanceBenchmark-v1,rgb,64,pd_joint_delta_pos,NVIDIA GeForce RTX 4090,1.0,256.0,256.0,,,,,,
6.2245519161224365,10281.864600443172,160.65413438192456,1000,2454159360,2689499136,6.243358850479126,10250.892433499725,160.17019427343317,1000,2454159360,2689499136,CartpoleBalanceBenchmark-v1,rgb,64,pd_joint_delta_pos,NVIDIA GeForce RTX 4090,1.0,512.0,512.0,,,,,,
4.51127552986145,28373.35009859864,221.66679764530187,1000,2336243712,1924038656,4.508997201919556,28387.686722340004,221.77880251828128,1000,2336243712,1924038656,CartpoleBalanceBenchmark-v1,rgb,128,pd_joint_delta_pos,NVIDIA GeForce RTX 4090,1.0,80.0,80.0,,,,,,
4.771993398666382,26823.172059662083,209.55603171611003,1000,2384355328,1924038656,4.770994424819946,26828.788424926868,209.5999095697412,1000,2384355328,1924038656,CartpoleBalanceBenchmark-v1,rgb,128,pd_joint_delta_pos,NVIDIA GeForce RTX 4090,1.0,128.0,128.0,,,,,,
5.0167224407196045,25514.666500393338,199.3333320343229,1000,2403745792,2127462400,5.033375978469849,25430.24811727101,198.67381341617977,1000,2403745792,2127462400,CartpoleBalanceBenchmark-v1,rgb,128,pd_joint_delta_pos,NVIDIA GeForce RTX 4090,1.0,160.0,160.0,,,,,,
5.756057500839233,22237.44289930001,173.73002265078136,1000,2469982208,2133753856,5.744318246841431,22282.88797724292,174.08506232221026,1000,2469982208,2133753856,CartpoleBalanceBenchmark-v1,rgb,128,pd_joint_delta_pos,NVIDIA GeForce RTX 4090,1.0,224.0,224.0,,,,,,
6.150958299636841,20809.76552995933,162.57629320280728,1000,2516127744,2186182656,6.1685471534729,20750.429041939937,162.11272689015576,1000,2516127744,2186182656,CartpoleBalanceBenchmark-v1,rgb,128,pd_joint_delta_pos,NVIDIA GeForce RTX 4090,1.0,256.0,256.0,,,,,,
11.343883514404297,11283.613749865068,88.15323242082084,1000,2734866432,3106832384,11.381431818008425,11246.388156318812,87.86240747124072,1000,2734866432,3106832384,CartpoleBalanceBenchmark-v1,rgb,128,pd_joint_delta_pos,NVIDIA GeForce RTX 4090,1.0,512.0,512.0,,,,,,
7.830838918685913,32691.26113539814,127.700238810149,1000,2603851776,1976467456,7.839529037475586,32655.022868878204,127.55868308155549,1000,2603851776,1976467456,CartpoleBalanceBenchmark-v1,rgb,256,pd_joint_delta_pos,NVIDIA GeForce RTX 4090,1.0,80.0,80.0,,,,,,
8.43646788597107,30344.4526145474,118.5330180255758,1000,2636242944,2156822528,8.460519790649414,30258.18818873656,118.1960476122522,1000,2636242944,2156822528,CartpoleBalanceBenchmark-v1,rgb,256,pd_joint_delta_pos,NVIDIA GeForce RTX 4090,1.0,128.0,128.0,,,,,,
9.084776878356934,28179.007963297387,110.07424985663042,1000,2687242240,2525921280,9.106003999710085,28113.31952063172,109.81765437746766,1000,2687242240,2525921280,CartpoleBalanceBenchmark-v1,rgb,256,pd_joint_delta_pos,NVIDIA GeForce RTX 4090,1.0,160.0,160.0,,,,,,
10.49233889579773,24398.754419048564,95.30763444940844,1000,2726391808,2580447232,10.51548957824707,24345.038630400617,95.0978071500024,1000,2726391808,2580447232,CartpoleBalanceBenchmark-v1,rgb,256,pd_joint_delta_pos,NVIDIA GeForce RTX 4090,1.0,224.0,224.0,,,,,,
11.288731336593628,22677.48185043156,88.58391347824828,1000,2746814464,2637070336,11.319291353225708,22616.256796592355,88.34475311168889,1000,2746814464,2637070336,CartpoleBalanceBenchmark-v1,rgb,256,pd_joint_delta_pos,NVIDIA GeForce RTX 4090,1.0,256.0,256.0,,,,,,
21.64702296257019,11826.106547891084,46.19572870269955,1000,3371962368,4478369792,21.723156213760376,11784.659534779696,46.03382630773319,1000,3371962368,4478369792,CartpoleBalanceBenchmark-v1,rgb,256,pd_joint_delta_pos,NVIDIA GeForce RTX 4090,1.0,512.0,512.0,,,,,,
14.926995038986206,34300.27267127526,66.9927200610845,1000,3055575040,2289008640,14.967901945114136,34206.53087369593,66.80963061268736,1000,3055575040,2289008640,CartpoleBalanceBenchmark-v1,rgb,512,pd_joint_delta_pos,NVIDIA GeForce RTX 4090,1.0,80.0,80.0,,,,,,
16.258642435073853,31490.944096014515,61.50575018752835,1000,3169361920,2347728896,16.308595418930054,31394.4878052282,61.31735899458632,1000,3169361920,2347728896,CartpoleBalanceBenchmark-v1,rgb,512,pd_joint_delta_pos,NVIDIA GeForce RTX 4090,1.0,128.0,128.0,,,,,,
17.409380674362183,29409.432166302944,57.44029719981044,1000,3145920512,2700050432,17.47694969177246,29295.73003468859,57.21822272400115,1000,3145920512,2700050432,CartpoleBalanceBenchmark-v1,rgb,512,pd_joint_delta_pos,NVIDIA GeForce RTX 4090,1.0,160.0,160.0,,,,,,
20.07356667518616,25506.17975792545,49.81675733969814,1000,3295772672,3157229568,20.164187908172607,25391.550720100404,49.5928725001961,1000,3295772672,3157229568,CartpoleBalanceBenchmark-v1,rgb,512,pd_joint_delta_pos,NVIDIA GeForce RTX 4090,1.0,224.0,224.0,,,,,,
21.6442232131958,23655.272585058618,46.20170426769261,1000,3386228736,3274670080,21.72157621383667,23571.03347195658,46.0371747499152,1000,3386425344,3274670080,CartpoleBalanceBenchmark-v1,rgb,512,pd_joint_delta_pos,NVIDIA GeForce RTX 4090,1.0,256.0,256.0,,,,,,
42.20102453231812,12132.406871020476,23.69610716996187,1000,4605829120,6955171840,42.38645195960999,12079.331397869404,23.59244413646368,1000,4605829120,6955171840,CartpoleBalanceBenchmark-v1,rgb,512,pd_joint_delta_pos,NVIDIA GeForce RTX 4090,1.0,512.0,512.0,,,,,,
29.580577611923218,34617.309149069835,33.80596596588851,1000,3995574272,2914091008,29.675002336502075,34507.15819288806,33.69839667274225,1000,3997736960,2914091008,CartpoleBalanceBenchmark-v1,rgb,1024,pd_joint_delta_pos,NVIDIA GeForce RTX 4090,1.0,80.0,80.0,,,,,,
31.862548828125,32138.04411956264,31.384808710510388,1000,4045512704,3092348928,32.010255098342896,31989.748187074285,31.23998846393973,1000,4047675392,3092348928,CartpoleBalanceBenchmark-v1,rgb,1024,pd_joint_delta_pos,NVIDIA GeForce RTX 4090,1.0,128.0,128.0,,,,,,
34.024827003479004,30095.671019732064,29.39030373020709,1000,4168699904,3796992000,34.12120509147644,30010.663376476045,29.307288453589887,1000,4170665984,3796992000,CartpoleBalanceBenchmark-v1,rgb,1024,pd_joint_delta_pos,NVIDIA GeForce RTX 4090,1.0,160.0,160.0,,,,,,
39.23367643356323,26100.0266374221,25.48830726310752,1000,4495638528,4442914816,39.3788743019104,26003.790564178784,25.394326722830844,1000,4497604608,4442914816,CartpoleBalanceBenchmark-v1,rgb,1024,pd_joint_delta_pos,NVIDIA GeForce RTX 4090,1.0,224.0,224.0,,,,,,
42.242571115493774,24240.94871498994,23.672801479482363,1000,4667293696,4946231296,42.56580376625061,24056.86982027354,23.49303693386088,1000,4669456384,4946231296,CartpoleBalanceBenchmark-v1,rgb,1024,pd_joint_delta_pos,NVIDIA GeForce RTX 4090,1.0,256.0,256.0,,,,,,
83.41495966911316,12275.975485236206,11.988257309800982,1000,7101509632,12040896512,83.80809211730957,12218.390541174304,11.93202201286553,1000,7103672320,12040896512,CartpoleBalanceBenchmark-v1,rgb,1024,pd_joint_delta_pos,NVIDIA GeForce RTX 4090,1.0,512.0,512.0,,,,,,
1.311306715011597,3050.392371371808,762.598092842952,1000,2148429824,1871609856,1.3052339553833008,3064.5846926540785,766.1461731635196,1000,2150592512,1871609856,CartpoleBalanceBenchmark-v1,rgb,4,pd_joint_delta_pos,NVIDIA GeForce RTX 4090,2.0,128.0,128.0,,,,,,
2.030385971069336,7880.275094480356,492.5171934050222,1000,2166833152,1882095616,2.0273256301879883,7892.170730617343,493.260670663584,1000,2166833152,1882095616,CartpoleBalanceBenchmark-v1,rgb,16,pd_joint_delta_pos,NVIDIA GeForce RTX 4090,2.0,128.0,128.0,,,,,,
3.0458526611328125,10506.089282762145,328.315290086317,1000,2227896320,1894678528,3.05074429512024,10489.24357612829,327.7888617540091,1000,2227896320,1894678528,CartpoleBalanceBenchmark-v1,rgb,32,pd_joint_delta_pos,NVIDIA GeForce RTX 4090,2.0,128.0,128.0,,,,,,
4.866215467453003,13151.904273054695,205.4985042664796,1000,2362392576,1919844352,4.869972944259644,13141.75678849271,205.3399498201986,1000,2362392576,1919844352,CartpoleBalanceBenchmark-v1,rgb,64,pd_joint_delta_pos,NVIDIA GeForce RTX 4090,2.0,128.0,128.0,,,,,,
8.502684593200684,15054.068935164005,117.6099135559688,1000,2611339264,2169405440,8.521879434585571,15020.160867392604,117.34500677650472,1000,2611339264,2169405440,CartpoleBalanceBenchmark-v1,rgb,128,pd_joint_delta_pos,NVIDIA GeForce RTX 4090,2.0,128.0,128.0,,,,,,
16.14178729057312,15859.45814993518,61.9510083981843,1000,3051986944,2351923200,16.206013202667236,15796.605667201771,61.70549088750692,1000,3051986944,2351923200,CartpoleBalanceBenchmark-v1,rgb,256,pd_joint_delta_pos,NVIDIA GeForce RTX 4090,2.0,128.0,128.0,,,,,,
31.720155239105225,16141.156817820249,31.525696909805173,1000,4011847680,2901508096,31.853809595108032,16073.430666786891,31.393419271068147,1000,4014010368,2901508096,CartpoleBalanceBenchmark-v1,rgb,512,pd_joint_delta_pos,NVIDIA GeForce RTX 4090,2.0,128.0,128.0,,,,,,
62.56326246261597,16367.432894214566,15.983821185756412,1000,5750353920,3998580736,62.85589408874512,16291.232745082469,15.909406977619598,1000,5750353920,3998580736,CartpoleBalanceBenchmark-v1,rgb,1024,pd_joint_delta_pos,NVIDIA GeForce RTX 4090,2.0,128.0,128.0,,,,,,
1.246361255645752,3209.342381176283,802.3355952940708,1000,2194034688,1863532544,1.2410972118377686,3222.9546258322143,805.7386564580536,1000,2196787200,1863532544,CartpoleBalanceBenchmark-v1,rgb+depth,4,pd_joint_delta_pos,NVIDIA GeForce RTX 4090,1.0,80.0,80.0,,,,,,
1.3678770065307615,2924.239519271461,731.0598798178653,1000,2192695296,1863532544,1.4584262371063232,2742.6824190549646,685.6706047637412,1000,2195447808,1863532544,CartpoleBalanceBenchmark-v1,rgb+depth,4,pd_joint_delta_pos,NVIDIA GeForce RTX 4090,1.0,128.0,128.0,,,,,,
1.377744197845459,2903.2965671387124,725.8241417846781,1000,2189971456,1863532544,1.3077914714813232,3058.5915929465705,764.6478982366426,1000,2192723968,1863532544,CartpoleBalanceBenchmark-v1,rgb+depth,4,pd_joint_delta_pos,NVIDIA GeForce RTX 4090,1.0,160.0,160.0,,,,,,
1.4211275577545166,2814.66640919995,703.6666022999875,1000,2207924224,1863532544,1.355583667755127,2950.758477803202,737.6896194508005,1000,2210676736,1863532544,CartpoleBalanceBenchmark-v1,rgb+depth,4,pd_joint_delta_pos,NVIDIA GeForce RTX 4090,1.0,224.0,224.0,,,,,,
1.4325284957885742,2792.2655722098507,698.0663930524627,1000,2190962688,1863532544,1.3816349506378174,2895.120739493049,723.7801848732622,1000,2193911808,1865629696,CartpoleBalanceBenchmark-v1,rgb+depth,4,pd_joint_delta_pos,NVIDIA GeForce RTX 4090,1.0,256.0,256.0,,,,,,
1.5568320751190186,2569.320136659057,642.3300341647642,1000,2233499648,1871921152,1.522557020187378,2627.159408130231,656.7898520325577,1000,2236448768,1871921152,CartpoleBalanceBenchmark-v1,rgb+depth,4,pd_joint_delta_pos,NVIDIA GeForce RTX 4090,1.0,512.0,512.0,,,,,,
1.6907691955566406,9463.14851373456,591.4467821084099,1000,2195050496,1869824000,1.722115993499756,9290.89565417956,580.6809783862226,1000,2197999616,1869824000,CartpoleBalanceBenchmark-v1,rgb+depth,16,pd_joint_delta_pos,NVIDIA GeForce RTX 4090,1.0,80.0,80.0,,,,,,
1.7844853401184082,8966.17060409044,560.3856627556524,1000,2201260032,1869824000,1.7857377529144287,8959.882252523956,559.9926407827472,1000,2204405760,1871921152,CartpoleBalanceBenchmark-v1,rgb+depth,16,pd_joint_delta_pos,NVIDIA GeForce RTX 4090,1.0,128.0,128.0,,,,,,
1.723985195159912,9280.822158403676,580.0513849002298,1000,2212032512,1869824000,1.8003222942352295,8887.297597343115,555.4560998339447,1000,2214981632,1871921152,CartpoleBalanceBenchmark-v1,rgb+depth,16,pd_joint_delta_pos,NVIDIA GeForce RTX 4090,1.0,160.0,160.0,,,,,,
1.809528350830078,8842.083072453868,552.6301920283668,1000,2214567936,1869824000,1.837786674499512,8706.12472166135,544.1327951038344,1000,2217320448,1869824000,CartpoleBalanceBenchmark-v1,rgb+depth,16,pd_joint_delta_pos,NVIDIA GeForce RTX 4090,1.0,224.0,224.0,,,,,,
1.887105941772461,8478.591289353913,529.9119555846196,1000,2235830272,1869824000,1.878475427627564,8517.545539686584,532.3465962304115,1000,2238976000,1869824000,CartpoleBalanceBenchmark-v1,rgb+depth,16,pd_joint_delta_pos,NVIDIA GeForce RTX 4090,1.0,256.0,256.0,,,,,,
2.6786813735961914,5973.088161105041,373.31801006906505,1000,2349305856,1957904384,2.703174829483032,5918.966034120669,369.9353771325418,1000,2352254976,1957904384,CartpoleBalanceBenchmark-v1,rgb+depth,16,pd_joint_delta_pos,NVIDIA GeForce RTX 4090,1.0,512.0,512.0,,,,,,
2.192038059234619,14598.2866790065,456.1964587189531,1000,2224320512,1876115456,2.194981575012207,14578.710074057017,455.5846898142818,1000,2227073024,1876115456,CartpoleBalanceBenchmark-v1,rgb+depth,32,pd_joint_delta_pos,NVIDIA GeForce RTX 4090,1.0,80.0,80.0,,,,,,
2.2575364112854004,14174.743689639885,442.9607403012464,1000,2242564096,1878212608,2.1918487548828125,14599.547495561976,456.2358592363117,1000,2245316608,1878212608,CartpoleBalanceBenchmark-v1,rgb+depth,32,pd_joint_delta_pos,NVIDIA GeForce RTX 4090,1.0,128.0,128.0,,,,,,
2.277329921722412,14051.543298477129,439.1107280774102,1000,2253799424,1876115456,2.269922971725464,14097.394668716646,440.5435833973952,1000,2256551936,1876115456,CartpoleBalanceBenchmark-v1,rgb+depth,32,pd_joint_delta_pos,NVIDIA GeForce RTX 4090,1.0,160.0,160.0,,,,,,
2.5219314098358154,12688.687676118554,396.5214898787048,1000,2270859264,1876115456,2.456918716430664,13024.443904472597,407.0138720147687,1000,2273808384,1876115456,CartpoleBalanceBenchmark-v1,rgb+depth,32,pd_joint_delta_pos,NVIDIA GeForce RTX 4090,1.0,224.0,224.0,,,,,,
2.5645856857299805,12477.648993385674,389.9265310433023,1000,2295603200,1897086976,2.588374853134156,12362.969745766355,386.34280455519865,1000,2298748928,1897086976,CartpoleBalanceBenchmark-v1,rgb+depth,32,pd_joint_delta_pos,NVIDIA GeForce RTX 4090,1.0,256.0,256.0,,,,,,
4.166935920715332,7679.503743006109,239.9844919689409,1000,2498662400,2238922752,4.156383275985718,7699.001241027503,240.59378878210947,1000,2501808128,2238922752,CartpoleBalanceBenchmark-v1,rgb+depth,32,pd_joint_delta_pos,NVIDIA GeForce RTX 4090,1.0,512.0,512.0,,,,,,
3.0163238048553467,21217.8811495569,331.52939296182655,1000,2283737088,1888698368,3.085923910140991,20739.331838248705,324.052059972636,1000,2288652288,1890795520,CartpoleBalanceBenchmark-v1,rgb+depth,64,pd_joint_delta_pos,NVIDIA GeForce RTX 4090,1.0,80.0,80.0,,,,,,
3.270561456680298,19568.5055449047,305.757899139136,1000,2296934400,1888698368,3.204712152481079,19970.592351157466,312.04050548683534,1000,2301652992,1888698368,CartpoleBalanceBenchmark-v1,rgb+depth,64,pd_joint_delta_pos,NVIDIA GeForce RTX 4090,1.0,128.0,128.0,,,,,,
3.482687473297119,18376.61302965268,287.1345785883231,1000,2302746624,1890795520,3.425351858139038,18684.21191473468,291.9408111677294,1000,2307268608,1890795520,CartpoleBalanceBenchmark-v1,rgb+depth,64,pd_joint_delta_pos,NVIDIA GeForce RTX 4090,1.0,160.0,160.0,,,,,,
3.73862624168396,17118.587380153032,267.47792781489113,1000,2403172352,2113093632,3.65252947807312,17522.103622764735,273.782869105699,1000,2408284160,2113093632,CartpoleBalanceBenchmark-v1,rgb+depth,64,pd_joint_delta_pos,NVIDIA GeForce RTX 4090,1.0,224.0,224.0,,,,,,
3.95671319961548,16175.04144758828,252.7350226185669,1000,2410250240,2079539200,3.978384971618652,16086.929861380622,251.35827908407225,1000,2414968832,2079539200,CartpoleBalanceBenchmark-v1,rgb+depth,64,pd_joint_delta_pos,NVIDIA GeForce RTX 4090,1.0,256.0,256.0,,,,,,
7.012935400009155,9125.993089843156,142.5936420287993,1000,2675236864,2750627840,6.961477994918823,9193.450018331388,143.64765653642792,1000,2679955456,2750627840,CartpoleBalanceBenchmark-v1,rgb+depth,64,pd_joint_delta_pos,NVIDIA GeForce RTX 4090,1.0,512.0,512.0,,,,,,
4.637569904327393,27600.66212275552,215.6301728340275,1000,2403950592,1915961344,4.642151117324829,27573.42377810476,215.4173732664434,1000,2409062400,1915961344,CartpoleBalanceBenchmark-v1,rgb+depth,128,pd_joint_delta_pos,NVIDIA GeForce RTX 4090,1.0,80.0,80.0,,,,,,
4.989971160888672,25651.450854718823,200.4019598024908,1000,2440400896,1936932864,4.974710941314697,25730.13819495865,201.01670464811448,1000,2445512704,1936932864,CartpoleBalanceBenchmark-v1,rgb+depth,128,pd_joint_delta_pos,NVIDIA GeForce RTX 4090,1.0,128.0,128.0,,,,,,
5.317917346954346,24069.57303939814,188.043539370298,1000,2505138176,2142453760,5.332025051116943,24005.88871449259,187.54600558197336,1000,2509856768,2142453760,CartpoleBalanceBenchmark-v1,rgb+depth,128,pd_joint_delta_pos,NVIDIA GeForce RTX 4090,1.0,160.0,160.0,,,,,,
6.123345851898193,20903.60451554781,163.30941027771723,1000,2570641408,2157133824,6.126263856887817,20893.6479051728,163.23162425916252,1000,2575360000,2157133824,CartpoleBalanceBenchmark-v1,rgb+depth,128,pd_joint_delta_pos,NVIDIA GeForce RTX 4090,1.0,224.0,224.0,,,,,,
6.577372789382935,19460.657636224463,152.03638778300362,1000,2633146368,2213756928,6.602421522140503,19386.826419786423,151.45958140458143,1000,2637864960,2213756928,CartpoleBalanceBenchmark-v1,rgb+depth,128,pd_joint_delta_pos,NVIDIA GeForce RTX 4090,1.0,256.0,256.0,,,,,,
12.644257545471191,10123.172478865388,79.08728499113585,1000,3175489536,3235069952,12.87095594406128,9944.87127112418,77.69430680565765,1000,3180601344,3235069952,CartpoleBalanceBenchmark-v1,rgb+depth,128,pd_joint_delta_pos,NVIDIA GeForce RTX 4090,1.0,512.0,512.0,,,,,,
8.7317533493042,29318.28119267704,114.52453590889466,1000,2643623936,1970487296,8.53376054763794,29998.498149899257,117.18163339804396,1000,2646573056,1970487296,CartpoleBalanceBenchmark-v1,rgb+depth,256,pd_joint_delta_pos,NVIDIA GeForce RTX 4090,1.0,80.0,80.0,,,,,,
9.31966257095337,27468.805662329047,107.30002211847284,1000,2767147008,2159230976,9.3365638256073,27419.081021849965,107.10578524160142,1000,2769899520,2159230976,CartpoleBalanceBenchmark-v1,rgb+depth,256,pd_joint_delta_pos,NVIDIA GeForce RTX 4090,1.0,128.0,128.0,,,,,,
9.76236653327942,26223.149799519288,102.43417890437222,1000,2805653504,2549301248,9.83421516418457,26031.563853954674,101.68579630451045,1000,2808602624,2549301248,CartpoleBalanceBenchmark-v1,rgb+depth,256,pd_joint_delta_pos,NVIDIA GeForce RTX 4090,1.0,160.0,160.0,,,,,,
11.140787363052368,22978.62724218271,89.7602626647762,1000,2899480576,2628993024,11.20969295501709,22837.378421272708,89.20850945809651,1000,2902036480,2628993024,CartpoleBalanceBenchmark-v1,rgb+depth,256,pd_joint_delta_pos,NVIDIA GeForce RTX 4090,1.0,224.0,224.0,,,,,,
12.090096235275269,21174.3558544281,82.71232755635977,1000,2998022144,2698199040,12.130425691604614,21103.958468429995,82.43733776730467,1000,3000971264,2698199040,CartpoleBalanceBenchmark-v1,rgb+depth,256,pd_joint_delta_pos,NVIDIA GeForce RTX 4090,1.0,256.0,256.0,,,,,,
24.19859218597412,10579.127828286704,41.32471807924494,1000,4154839040,4740825088,24.80195689201355,10321.766186217115,40.31939916491061,1000,4157984768,4740825088,CartpoleBalanceBenchmark-v1,rgb+depth,256,pd_joint_delta_pos,NVIDIA GeForce RTX 4090,1.0,512.0,512.0,,,,,,
17.073562383651733,29987.883518102222,58.57008499629341,1000,3133100032,2301902848,16.561917543411255,30914.29471605396,60.379481867292895,1000,3136245760,2301902848,CartpoleBalanceBenchmark-v1,rgb+depth,512,pd_joint_delta_pos,NVIDIA GeForce RTX 4090,1.0,80.0,80.0,,,,,,
17.97065043449402,28490.89975158798,55.64628857732027,1000,3282571264,2373206016,17.85390281677246,28677.20325659064,56.01016261052859,1000,3285913600,2373206016,CartpoleBalanceBenchmark-v1,rgb+depth,512,pd_joint_delta_pos,NVIDIA GeForce RTX 4090,1.0,128.0,128.0,,,,,,
18.822556495666504,27201.405936429368,53.12774596958861,1000,3337777152,2746499072,18.388951063156128,27842.80616341608,54.38048078792202,1000,3340922880,2746499072,CartpoleBalanceBenchmark-v1,rgb+depth,512,pd_joint_delta_pos,NVIDIA GeForce RTX 4090,1.0,160.0,160.0,,,,,,
21.476434469223022,23840.083917734377,46.56266390182496,1000,3644592128,3254009856,21.46916961669922,23848.15105292915,46.57842002525225,1000,3648131072,3254009856,CartpoleBalanceBenchmark-v1,rgb+depth,512,pd_joint_delta_pos,NVIDIA GeForce RTX 4090,1.0,224.0,224.0,,,,,,
23.203368186950684,22065.761999498984,43.09719140527145,1000,3829731328,3400810496,23.33811116218567,21938.364953440818,42.8483690496891,1000,3832877056,3400810496,CartpoleBalanceBenchmark-v1,rgb+depth,512,pd_joint_delta_pos,NVIDIA GeForce RTX 4090,1.0,256.0,256.0,,,,,,
47.3841724395752,10805.295811653308,21.104093382135368,1000,6142726144,7486062592,47.85352039337158,10699.317329032276,20.897104158266163,1000,6145871872,7486062592,CartpoleBalanceBenchmark-v1,rgb+depth,512,pd_joint_delta_pos,NVIDIA GeForce RTX 4090,1.0,512.0,512.0,,,,,,
31.12373971939087,32900.93058328792,32.12981502274211,1000,4100206592,2937470976,31.27608036994934,32740.67555421296,31.973315970911088,1000,4102959104,2937470976,CartpoleBalanceBenchmark-v1,rgb+depth,1024,pd_joint_delta_pos,NVIDIA GeForce RTX 4090,1.0,80.0,80.0,,,,,,
33.879597425460815,30224.680274106653,29.51628933018228,1000,4295655424,3153477632,34.00475335121155,30113.437066395192,29.407653385151555,1000,4298604544,3153477632,CartpoleBalanceBenchmark-v1,rgb+depth,1024,pd_joint_delta_pos,NVIDIA GeForce RTX 4090,1.0,128.0,128.0,,,,,,
36.28572726249695,28220.46234852108,27.559045262227617,1000,4513333248,3895869440,36.37632489204407,28150.17743103457,27.4904076474947,1000,4516282368,3895869440,CartpoleBalanceBenchmark-v1,rgb+depth,1024,pd_joint_delta_pos,NVIDIA GeForce RTX 4090,1.0,160.0,160.0,,,,,,
42.36268997192383,24172.21382019563,23.605677558784794,1000,5114933248,4642455552,42.87176942825317,23885.18163948624,23.325372694810778,1000,5117489152,4642455552,CartpoleBalanceBenchmark-v1,rgb+depth,1024,pd_joint_delta_pos,NVIDIA GeForce RTX 4090,1.0,224.0,224.0,,,,,,
46.20835089683533,22160.49653635509,21.64110989878427,1000,5474246656,5208686592,45.47983384132385,22515.473639870117,21.987767226435658,1000,5477392384,5208686592,CartpoleBalanceBenchmark-v1,rgb+depth,1024,pd_joint_delta_pos,NVIDIA GeForce RTX 4090,1.0,256.0,256.0,,,,,,
92.60362601280212,11057.882332366074,10.798713215201245,1000,10118758400,13108658176,92.90955185890198,11021.471737966274,10.76315599410769,1000,10121707520,13108658176,CartpoleBalanceBenchmark-v1,rgb+depth,1024,pd_joint_delta_pos,NVIDIA GeForce RTX 4090,1.0,512.0,512.0,,,,,,
